text,text_lang,model,phase,duration,entity_count,tfidf_score,seq_avg_len,seq_uniq_ratio,seq_context_sim,avg_entity_length,entity_stability,entities
"Paul Jules Antoine Meillet, né le à Moulins (Allier) et mort le à Châteaumeillant (Cher), est le principal linguiste français des premières décennies du",fr,wikineural-multilingual-ner,base,1.8779654502868652,5,2.82842712474619,1.6,1.0,0.0,11.6,1.0,"['Paul Jules Antoine Meillet', 'Moulins', 'Allier', 'Châteaumeillant', 'Cher']"
Paul Jules Antoine Meillet,fr,wikineural-multilingual-ner → spacy-fr-core-news-md,refinement_with_spacy,3.5095303058624268,1,2.0,4.0,1.0,1.0,26.0,0.2,['Paul Jules Antoine Meillet']
Paul Jules Antoine Meillet,fr,wikineural-multilingual-ner → spacy-fr_dep_news_trf,refinement_with_spacy,2.8454837799072266,0,0.0,0.0,0.0,0.0,0.0,0.0,[]
Moulins,fr,wikineural-multilingual-ner → spacy-fr-core-news-md,refinement_with_spacy,0.004288673400878906,1,1.0,1.0,1.0,1.0,7.0,0.2,['Moulins']
Moulins,fr,wikineural-multilingual-ner → spacy-fr_dep_news_trf,refinement_with_spacy,0.021489620208740234,0,0.0,0.0,0.0,0.0,0.0,0.0,[]
Allier,fr,wikineural-multilingual-ner → spacy-fr-core-news-md,refinement_with_spacy,0.004104137420654297,1,1.0,1.0,1.0,1.0,6.0,0.2,['Allier']
Allier,fr,wikineural-multilingual-ner → spacy-fr_dep_news_trf,refinement_with_spacy,0.026352643966674805,0,0.0,0.0,0.0,0.0,0.0,0.0,[]
Châteaumeillant,fr,wikineural-multilingual-ner → spacy-fr-core-news-md,refinement_with_spacy,0.004536628723144531,0,0.0,0.0,0.0,0.0,0.0,0.0,[]
Châteaumeillant,fr,wikineural-multilingual-ner → spacy-fr_dep_news_trf,refinement_with_spacy,0.03843355178833008,0,0.0,0.0,0.0,0.0,0.0,0.0,[]
Cher,fr,wikineural-multilingual-ner → spacy-fr-core-news-md,refinement_with_spacy,0.004061698913574219,1,1.0,1.0,1.0,1.0,4.0,0.2,['Cher']
Cher,fr,wikineural-multilingual-ner → spacy-fr_dep_news_trf,refinement_with_spacy,0.024396896362304688,0,0.0,0.0,0.0,0.0,0.0,0.0,[]
"Paul Jules Antoine Meillet, né le à Moulins (Allier) et mort le à Châteaumeillant (Cher), est le principal linguiste français des premières décennies du",fr,bert-base-multilingual-cased,base,1.1309211254119873,5,4.157609203101498,5.6,1.0,0.4302296578080759,30.4,1.0,"['Paul Jules Antoine Meillet, né le à Moulins ( Allier )', 'et', 'mort le à', 'Châteaumeillant (', 'Cher ), est le principal linguiste français des premières décennies du']"
"Paul Jules Antoine Meillet, né le à Moulins ( Allier )",fr,bert-base-multilingual-cased → spacy-fr-core-news-md,refinement_with_spacy,0.005070924758911133,3,2.4494897427831783,2.0,1.0,0.0,13.0,0.0,"['Paul Jules Antoine Meillet', 'Moulins', 'Allier']"
"Paul Jules Antoine Meillet, né le à Moulins ( Allier )",fr,bert-base-multilingual-cased → spacy-fr_dep_news_trf,refinement_with_spacy,0.09935784339904785,0,0.0,0.0,0.0,0.0,0.0,0.0,[]
et,fr,bert-base-multilingual-cased → spacy-fr-core-news-md,refinement_with_spacy,0.004005908966064453,0,0.0,0.0,0.0,0.0,0.0,0.0,[]
et,fr,bert-base-multilingual-cased → spacy-fr_dep_news_trf,refinement_with_spacy,0.02203512191772461,0,0.0,0.0,0.0,0.0,0.0,0.0,[]
mort le à,fr,bert-base-multilingual-cased → spacy-fr-core-news-md,refinement_with_spacy,0.005338430404663086,0,0.0,0.0,0.0,0.0,0.0,0.0,[]
mort le à,fr,bert-base-multilingual-cased → spacy-fr_dep_news_trf,refinement_with_spacy,0.037297725677490234,0,0.0,0.0,0.0,0.0,0.0,0.0,[]
Châteaumeillant (,fr,bert-base-multilingual-cased → spacy-fr-core-news-md,refinement_with_spacy,0.004099607467651367,1,1.0,1.0,1.0,1.0,15.0,0.0,['Châteaumeillant']
Châteaumeillant (,fr,bert-base-multilingual-cased → spacy-fr_dep_news_trf,refinement_with_spacy,0.03600811958312988,0,0.0,0.0,0.0,0.0,0.0,0.0,[]
"Cher ), est le principal linguiste français des premières décennies du",fr,bert-base-multilingual-cased → spacy-fr-core-news-md,refinement_with_spacy,0.007534027099609375,1,1.0,1.0,1.0,0.0,4.0,0.0,['Cher']
"Cher ), est le principal linguiste français des premières décennies du",fr,bert-base-multilingual-cased → spacy-fr_dep_news_trf,refinement_with_spacy,0.07158875465393066,0,0.0,0.0,0.0,0.0,0.0,0.0,[]
Il est aussi philologue.,fr,wikineural-multilingual-ner,base,0.00997614860534668,2,1.414213562373095,1.0,1.0,0.0,3.5,1.0,"['phi', '##lo']"
phi,fr,wikineural-multilingual-ner → spacy-fr-core-news-md,refinement_with_spacy,0.0037653446197509766,1,1.0,1.0,1.0,1.0,3.0,0.5,['phi']
phi,fr,wikineural-multilingual-ner → spacy-fr_dep_news_trf,refinement_with_spacy,0.021159648895263672,0,0.0,0.0,0.0,0.0,0.0,0.0,[]
##lo,fr,wikineural-multilingual-ner → spacy-fr-core-news-md,refinement_with_spacy,0.005056858062744141,0,0.0,0.0,0.0,0.0,0.0,0.0,[]
##lo,fr,wikineural-multilingual-ner → spacy-fr_dep_news_trf,refinement_with_spacy,0.03652763366699219,0,0.0,0.0,0.0,0.0,0.0,0.0,[]
Il est aussi philologue.,fr,bert-base-multilingual-cased,base,0.008332252502441406,2,2.23606797749979,2.5,1.0,0.0,13.0,1.0,"['Il est aussi phi', '##lologue.']"
Il est aussi phi,fr,bert-base-multilingual-cased → spacy-fr-core-news-md,refinement_with_spacy,0.003907680511474609,0,0.0,0.0,0.0,0.0,0.0,0.0,[]
Il est aussi phi,fr,bert-base-multilingual-cased → spacy-fr_dep_news_trf,refinement_with_spacy,0.032709598541259766,0,0.0,0.0,0.0,0.0,0.0,0.0,[]
##lologue.,fr,bert-base-multilingual-cased → spacy-fr-core-news-md,refinement_with_spacy,0.00468897819519043,0,0.0,0.0,0.0,0.0,0.0,0.0,[]
##lologue.,fr,bert-base-multilingual-cased → spacy-fr_dep_news_trf,refinement_with_spacy,0.032631635665893555,0,0.0,0.0,0.0,0.0,0.0,0.0,[]
"D'origine bourbonnaise, fils d'un notaire de Châteaumeillant (Cher), Antoine Meillet fait ses études secondaires au lycée de Moulins.",fr,wikineural-multilingual-ner,base,0.009428262710571289,4,2.23606797749979,1.25,1.0,0.0,10.25,1.0,"['Châteaumeillant', 'Cher', 'Antoine Meillet', 'Moulins']"
Châteaumeillant,fr,wikineural-multilingual-ner → spacy-fr-core-news-md,refinement_with_spacy,0.0035223960876464844,0,0.0,0.0,0.0,0.0,0.0,0.0,[]
Châteaumeillant,fr,wikineural-multilingual-ner → spacy-fr_dep_news_trf,refinement_with_spacy,0.03013920783996582,0,0.0,0.0,0.0,0.0,0.0,0.0,[]
Cher,fr,wikineural-multilingual-ner → spacy-fr-core-news-md,refinement_with_spacy,0.003934383392333984,1,1.0,1.0,1.0,1.0,4.0,0.25,['Cher']
Cher,fr,wikineural-multilingual-ner → spacy-fr_dep_news_trf,refinement_with_spacy,0.021662235260009766,0,0.0,0.0,0.0,0.0,0.0,0.0,[]
Antoine Meillet,fr,wikineural-multilingual-ner → spacy-fr-core-news-md,refinement_with_spacy,0.004101991653442383,1,1.414213562373095,2.0,1.0,0.9999999999999998,15.0,0.25,['Antoine Meillet']
Antoine Meillet,fr,wikineural-multilingual-ner → spacy-fr_dep_news_trf,refinement_with_spacy,0.030352354049682617,0,0.0,0.0,0.0,0.0,0.0,0.0,[]
Moulins,fr,wikineural-multilingual-ner → spacy-fr-core-news-md,refinement_with_spacy,0.003961801528930664,1,1.0,1.0,1.0,1.0,7.0,0.25,['Moulins']
Moulins,fr,wikineural-multilingual-ner → spacy-fr_dep_news_trf,refinement_with_spacy,0.020465612411499023,0,0.0,0.0,0.0,0.0,0.0,0.0,[]
"D'origine bourbonnaise, fils d'un notaire de Châteaumeillant (Cher), Antoine Meillet fait ses études secondaires au lycée de Moulins.",fr,bert-base-multilingual-cased,base,0.008974313735961914,6,4.264014327112208,4.5,1.0,0.0,23.5,1.0,"['D', ""' origine bourb"", '##onnaise', "", fils d ' un notaire de Château"", '##meillant', '( Cher ), Antoine Meillet fait ses études secondaires au lycée de Moulins.']"
D,fr,bert-base-multilingual-cased → spacy-fr-core-news-md,refinement_with_spacy,0.0036554336547851562,0,0.0,0.0,0.0,0.0,0.0,0.0,[]
D,fr,bert-base-multilingual-cased → spacy-fr_dep_news_trf,refinement_with_spacy,0.021409988403320312,0,0.0,0.0,0.0,0.0,0.0,0.0,[]
' origine bourb,fr,bert-base-multilingual-cased → spacy-fr-core-news-md,refinement_with_spacy,0.005584239959716797,0,0.0,0.0,0.0,0.0,0.0,0.0,[]
' origine bourb,fr,bert-base-multilingual-cased → spacy-fr_dep_news_trf,refinement_with_spacy,0.032648563385009766,0,0.0,0.0,0.0,0.0,0.0,0.0,[]
##onnaise,fr,bert-base-multilingual-cased → spacy-fr-core-news-md,refinement_with_spacy,0.004840373992919922,0,0.0,0.0,0.0,0.0,0.0,0.0,[]
##onnaise,fr,bert-base-multilingual-cased → spacy-fr_dep_news_trf,refinement_with_spacy,0.031351566314697266,0,0.0,0.0,0.0,0.0,0.0,0.0,[]
", fils d ' un notaire de Château",fr,bert-base-multilingual-cased → spacy-fr-core-news-md,refinement_with_spacy,0.00600886344909668,1,1.0,1.0,1.0,0.0,7.0,0.0,['Château']
", fils d ' un notaire de Château",fr,bert-base-multilingual-cased → spacy-fr_dep_news_trf,refinement_with_spacy,0.04590272903442383,0,0.0,0.0,0.0,0.0,0.0,0.0,[]
##meillant,fr,bert-base-multilingual-cased → spacy-fr-core-news-md,refinement_with_spacy,0.0042493343353271484,0,0.0,0.0,0.0,0.0,0.0,0.0,[]
##meillant,fr,bert-base-multilingual-cased → spacy-fr_dep_news_trf,refinement_with_spacy,0.031415700912475586,0,0.0,0.0,0.0,0.0,0.0,0.0,[]
"( Cher ), Antoine Meillet fait ses études secondaires au lycée de Moulins.",fr,bert-base-multilingual-cased → spacy-fr-core-news-md,refinement_with_spacy,0.00761723518371582,3,2.0,1.3333333333333333,1.0,0.0,8.666666666666666,0.0,"['Cher', 'Antoine Meillet', 'Moulins']"
"( Cher ), Antoine Meillet fait ses études secondaires au lycée de Moulins.",fr,bert-base-multilingual-cased → spacy-fr_dep_news_trf,refinement_with_spacy,0.05038928985595703,0,0.0,0.0,0.0,0.0,0.0,0.0,[]
"Étudiant à la faculté des lettres de Paris à partir de 1885 où il suit notamment les cours de Louis Havet, il assiste également à ceux de Michel Bréal au Collège de France et de Ferdinand de Saussure à l'École pratique des hautes études.",fr,wikineural-multilingual-ner,base,0.010480165481567383,6,3.7712361663282525,2.6666666666666665,1.0,0.0,16.333333333333332,1.0,"['Paris', 'Louis Havet', 'Michel Bréal', 'Collège de France', 'Ferdinand de Saussure', 'École pratique des hautes études']"
Paris,fr,wikineural-multilingual-ner → spacy-fr-core-news-md,refinement_with_spacy,0.0037086009979248047,1,1.0,1.0,1.0,1.0,5.0,0.16666666666666666,['Paris']
Paris,fr,wikineural-multilingual-ner → spacy-fr_dep_news_trf,refinement_with_spacy,0.021804332733154297,0,0.0,0.0,0.0,0.0,0.0,0.0,[]
Louis Havet,fr,wikineural-multilingual-ner → spacy-fr-core-news-md,refinement_with_spacy,0.004338979721069336,1,1.414213562373095,2.0,1.0,0.9999999999999998,11.0,0.16666666666666666,['Louis Havet']
Louis Havet,fr,wikineural-multilingual-ner → spacy-fr_dep_news_trf,refinement_with_spacy,0.031706809997558594,0,0.0,0.0,0.0,0.0,0.0,0.0,[]
Michel Bréal,fr,wikineural-multilingual-ner → spacy-fr-core-news-md,refinement_with_spacy,0.004302263259887695,1,1.414213562373095,2.0,1.0,0.9999999999999998,12.0,0.16666666666666666,['Michel Bréal']
Michel Bréal,fr,wikineural-multilingual-ner → spacy-fr_dep_news_trf,refinement_with_spacy,0.03032660484313965,0,0.0,0.0,0.0,0.0,0.0,0.0,[]
Collège de France,fr,wikineural-multilingual-ner → spacy-fr-core-news-md,refinement_with_spacy,0.004842281341552734,1,1.7320508075688776,3.0,1.0,1.0000000000000002,17.0,0.16666666666666666,['Collège de France']
Collège de France,fr,wikineural-multilingual-ner → spacy-fr_dep_news_trf,refinement_with_spacy,0.029994726181030273,0,0.0,0.0,0.0,0.0,0.0,0.0,[]
Ferdinand de Saussure,fr,wikineural-multilingual-ner → spacy-fr-core-news-md,refinement_with_spacy,0.0045206546783447266,1,1.7320508075688776,3.0,1.0,1.0000000000000002,21.0,0.16666666666666666,['Ferdinand de Saussure']
Ferdinand de Saussure,fr,wikineural-multilingual-ner → spacy-fr_dep_news_trf,refinement_with_spacy,0.03119182586669922,0,0.0,0.0,0.0,0.0,0.0,0.0,[]
École pratique des hautes études,fr,wikineural-multilingual-ner → spacy-fr-core-news-md,refinement_with_spacy,0.005953311920166016,1,2.23606797749979,5.0,1.0,0.9999999999999999,32.0,0.16666666666666666,['École pratique des hautes études']
École pratique des hautes études,fr,wikineural-multilingual-ner → spacy-fr_dep_news_trf,refinement_with_spacy,0.032788753509521484,0,0.0,0.0,0.0,0.0,0.0,0.0,[]
"Étudiant à la faculté des lettres de Paris à partir de 1885 où il suit notamment les cours de Louis Havet, il assiste également à ceux de Michel Bréal au Collège de France et de Ferdinand de Saussure à l'École pratique des hautes études.",fr,bert-base-multilingual-cased,base,0.010242462158203125,16,4.395661392834959,3.0625,0.9375,0.0,14.4375,1.0,"['É', '##tud', '##iant', 'à la faculté des lettres de Paris', 'à', 'partir de', '1885 où', 'il suit', 'notamment les cours de', 'Louis Havet', ',', 'il assiste également à ceux', 'de', 'Michel Bréal au Collège de France et', 'de', ""Ferdinand de Saussure à l ' École pratique des hautes études.""]"
É,fr,bert-base-multilingual-cased → spacy-fr-core-news-md,refinement_with_spacy,0.004819154739379883,0,0.0,0.0,0.0,0.0,0.0,0.0,[]
É,fr,bert-base-multilingual-cased → spacy-fr_dep_news_trf,refinement_with_spacy,0.022194385528564453,0,0.0,0.0,0.0,0.0,0.0,0.0,[]
##tud,fr,bert-base-multilingual-cased → spacy-fr-core-news-md,refinement_with_spacy,0.004315853118896484,0,0.0,0.0,0.0,0.0,0.0,0.0,[]
##tud,fr,bert-base-multilingual-cased → spacy-fr_dep_news_trf,refinement_with_spacy,0.03131389617919922,0,0.0,0.0,0.0,0.0,0.0,0.0,[]
##iant,fr,bert-base-multilingual-cased → spacy-fr-core-news-md,refinement_with_spacy,0.004352092742919922,0,0.0,0.0,0.0,0.0,0.0,0.0,[]
##iant,fr,bert-base-multilingual-cased → spacy-fr_dep_news_trf,refinement_with_spacy,0.030665159225463867,0,0.0,0.0,0.0,0.0,0.0,0.0,[]
à la faculté des lettres de Paris,fr,bert-base-multilingual-cased → spacy-fr-core-news-md,refinement_with_spacy,0.006150484085083008,1,1.0,1.0,1.0,0.0,5.0,0.0,['Paris']
à la faculté des lettres de Paris,fr,bert-base-multilingual-cased → spacy-fr_dep_news_trf,refinement_with_spacy,0.04189491271972656,0,0.0,0.0,0.0,0.0,0.0,0.0,[]
à,fr,bert-base-multilingual-cased → spacy-fr-core-news-md,refinement_with_spacy,0.0038695335388183594,0,0.0,0.0,0.0,0.0,0.0,0.0,[]
à,fr,bert-base-multilingual-cased → spacy-fr_dep_news_trf,refinement_with_spacy,0.02171611785888672,0,0.0,0.0,0.0,0.0,0.0,0.0,[]
partir de,fr,bert-base-multilingual-cased → spacy-fr-core-news-md,refinement_with_spacy,0.0043792724609375,0,0.0,0.0,0.0,0.0,0.0,0.0,[]
partir de,fr,bert-base-multilingual-cased → spacy-fr_dep_news_trf,refinement_with_spacy,0.020852088928222656,0,0.0,0.0,0.0,0.0,0.0,0.0,[]
1885 où,fr,bert-base-multilingual-cased → spacy-fr-core-news-md,refinement_with_spacy,0.004312038421630859,0,0.0,0.0,0.0,0.0,0.0,0.0,[]
1885 où,fr,bert-base-multilingual-cased → spacy-fr_dep_news_trf,refinement_with_spacy,0.029382705688476562,0,0.0,0.0,0.0,0.0,0.0,0.0,[]
il suit,fr,bert-base-multilingual-cased → spacy-fr-core-news-md,refinement_with_spacy,0.004434823989868164,0,0.0,0.0,0.0,0.0,0.0,0.0,[]
il suit,fr,bert-base-multilingual-cased → spacy-fr_dep_news_trf,refinement_with_spacy,0.044634342193603516,0,0.0,0.0,0.0,0.0,0.0,0.0,[]
notamment les cours de,fr,bert-base-multilingual-cased → spacy-fr-core-news-md,refinement_with_spacy,0.005028963088989258,0,0.0,0.0,0.0,0.0,0.0,0.0,[]
notamment les cours de,fr,bert-base-multilingual-cased → spacy-fr_dep_news_trf,refinement_with_spacy,0.03122115135192871,0,0.0,0.0,0.0,0.0,0.0,0.0,[]
Louis Havet,fr,bert-base-multilingual-cased → spacy-fr-core-news-md,refinement_with_spacy,0.004055500030517578,1,1.414213562373095,2.0,1.0,0.9999999999999998,11.0,0.06666666666666667,['Louis Havet']
Louis Havet,fr,bert-base-multilingual-cased → spacy-fr_dep_news_trf,refinement_with_spacy,0.03005075454711914,0,0.0,0.0,0.0,0.0,0.0,0.0,[]
",",fr,bert-base-multilingual-cased → spacy-fr-core-news-md,refinement_with_spacy,0.003902912139892578,0,0.0,0.0,0.0,0.0,0.0,0.0,[]
",",fr,bert-base-multilingual-cased → spacy-fr_dep_news_trf,refinement_with_spacy,0.02007579803466797,0,0.0,0.0,0.0,0.0,0.0,0.0,[]
il assiste également à ceux,fr,bert-base-multilingual-cased → spacy-fr-core-news-md,refinement_with_spacy,0.004948616027832031,0,0.0,0.0,0.0,0.0,0.0,0.0,[]
il assiste également à ceux,fr,bert-base-multilingual-cased → spacy-fr_dep_news_trf,refinement_with_spacy,0.03210639953613281,0,0.0,0.0,0.0,0.0,0.0,0.0,[]
de,fr,bert-base-multilingual-cased → spacy-fr-core-news-md,refinement_with_spacy,0.003945350646972656,0,0.0,0.0,0.0,0.0,0.0,0.0,[]
de,fr,bert-base-multilingual-cased → spacy-fr_dep_news_trf,refinement_with_spacy,0.02129673957824707,0,0.0,0.0,0.0,0.0,0.0,0.0,[]
Michel Bréal au Collège de France et,fr,bert-base-multilingual-cased → spacy-fr-core-news-md,refinement_with_spacy,0.004691600799560547,2,2.23606797749979,2.5,1.0,0.0,14.5,0.0,"['Michel Bréal', 'Collège de France']"
Michel Bréal au Collège de France et,fr,bert-base-multilingual-cased → spacy-fr_dep_news_trf,refinement_with_spacy,0.042600393295288086,0,0.0,0.0,0.0,0.0,0.0,0.0,[]
de,fr,bert-base-multilingual-cased → spacy-fr-core-news-md,refinement_with_spacy,0.0039179325103759766,0,0.0,0.0,0.0,0.0,0.0,0.0,[]
de,fr,bert-base-multilingual-cased → spacy-fr_dep_news_trf,refinement_with_spacy,0.021473169326782227,0,0.0,0.0,0.0,0.0,0.0,0.0,[]
Ferdinand de Saussure à l ' École pratique des hautes études.,fr,bert-base-multilingual-cased → spacy-fr-core-news-md,refinement_with_spacy,0.005820035934448242,2,2.82842712474619,4.0,1.0,0.7014709253689446,26.5,0.0,"['Ferdinand de Saussure', 'École pratique des hautes études']"
Ferdinand de Saussure à l ' École pratique des hautes études.,fr,bert-base-multilingual-cased → spacy-fr_dep_news_trf,refinement_with_spacy,0.05776023864746094,0,0.0,0.0,0.0,0.0,0.0,0.0,[]
"En 1889, il est major de l'agrégation de grammaire.",fr,wikineural-multilingual-ner,base,0.008431434631347656,1,1.0,1.0,1.0,0.0,9.0,1.0,['grammaire']
grammaire,fr,wikineural-multilingual-ner → spacy-fr-core-news-md,refinement_with_spacy,0.0036911964416503906,0,0.0,0.0,0.0,0.0,0.0,0.0,[]
grammaire,fr,wikineural-multilingual-ner → spacy-fr_dep_news_trf,refinement_with_spacy,0.021938323974609375,0,0.0,0.0,0.0,0.0,0.0,0.0,[]
"En 1889, il est major de l'agrégation de grammaire.",fr,bert-base-multilingual-cased,base,0.008248090744018555,1,2.7136021011998728,11.0,1.0,1.0,53.0,1.0,"[""En 1889, il est major de l ' agrégation de grammaire.""]"
"En 1889, il est major de l ' agrégation de grammaire.",fr,bert-base-multilingual-cased → spacy-fr-core-news-md,refinement_with_spacy,0.006066322326660156,0,0.0,0.0,0.0,0.0,0.0,0.0,[]
"En 1889, il est major de l ' agrégation de grammaire.",fr,bert-base-multilingual-cased → spacy-fr_dep_news_trf,refinement_with_spacy,0.16752219200134277,0,0.0,0.0,0.0,0.0,0.0,0.0,[]
"Il assure à la suite de Saussure le cours de grammaire comparée, qu'il complète à partir de 1894 par une conférence sur les langues persanes.",fr,wikineural-multilingual-ner,base,0.008763551712036133,1,1.0,1.0,1.0,0.0,8.0,1.0,['Saussure']
Saussure,fr,wikineural-multilingual-ner → spacy-fr-core-news-md,refinement_with_spacy,0.0034286975860595703,1,1.0,1.0,1.0,1.0,8.0,1.0,['Saussure']
Saussure,fr,wikineural-multilingual-ner → spacy-fr_dep_news_trf,refinement_with_spacy,0.033798933029174805,0,0.0,0.0,0.0,0.0,0.0,0.0,[]
"Il assure à la suite de Saussure le cours de grammaire comparée, qu'il complète à partir de 1894 par une conférence sur les langues persanes.",fr,bert-base-multilingual-cased,base,0.008822202682495117,11,4.351941398892446,2.727272727272727,1.0,0.0,12.545454545454545,1.0,"['Il assure', 'à', 'la', 'suite de', 'Saussure', 'le cours de', 'grammaire comparée', "", qu '"", 'il complète à partir de 1894 par une conférence sur les langues persa', '##nes', '.']"
Il assure,fr,bert-base-multilingual-cased → spacy-fr-core-news-md,refinement_with_spacy,0.0036940574645996094,0,0.0,0.0,0.0,0.0,0.0,0.0,[]
Il assure,fr,bert-base-multilingual-cased → spacy-fr_dep_news_trf,refinement_with_spacy,0.022922039031982422,0,0.0,0.0,0.0,0.0,0.0,0.0,[]
à,fr,bert-base-multilingual-cased → spacy-fr-core-news-md,refinement_with_spacy,0.004113435745239258,0,0.0,0.0,0.0,0.0,0.0,0.0,[]
à,fr,bert-base-multilingual-cased → spacy-fr_dep_news_trf,refinement_with_spacy,0.024318695068359375,0,0.0,0.0,0.0,0.0,0.0,0.0,[]
la,fr,bert-base-multilingual-cased → spacy-fr-core-news-md,refinement_with_spacy,0.003937482833862305,0,0.0,0.0,0.0,0.0,0.0,0.0,[]
la,fr,bert-base-multilingual-cased → spacy-fr_dep_news_trf,refinement_with_spacy,0.023396968841552734,0,0.0,0.0,0.0,0.0,0.0,0.0,[]
suite de,fr,bert-base-multilingual-cased → spacy-fr-core-news-md,refinement_with_spacy,0.004533290863037109,0,0.0,0.0,0.0,0.0,0.0,0.0,[]
suite de,fr,bert-base-multilingual-cased → spacy-fr_dep_news_trf,refinement_with_spacy,0.023151397705078125,0,0.0,0.0,0.0,0.0,0.0,0.0,[]
Saussure,fr,bert-base-multilingual-cased → spacy-fr-core-news-md,refinement_with_spacy,0.004094839096069336,1,1.0,1.0,1.0,1.0,8.0,0.09090909090909091,['Saussure']
Saussure,fr,bert-base-multilingual-cased → spacy-fr_dep_news_trf,refinement_with_spacy,0.03302168846130371,0,0.0,0.0,0.0,0.0,0.0,0.0,[]
le cours de,fr,bert-base-multilingual-cased → spacy-fr-core-news-md,refinement_with_spacy,0.0042684078216552734,0,0.0,0.0,0.0,0.0,0.0,0.0,[]
le cours de,fr,bert-base-multilingual-cased → spacy-fr_dep_news_trf,refinement_with_spacy,0.03314781188964844,0,0.0,0.0,0.0,0.0,0.0,0.0,[]
grammaire comparée,fr,bert-base-multilingual-cased → spacy-fr-core-news-md,refinement_with_spacy,0.004524946212768555,0,0.0,0.0,0.0,0.0,0.0,0.0,[]
grammaire comparée,fr,bert-base-multilingual-cased → spacy-fr_dep_news_trf,refinement_with_spacy,0.02293705940246582,0,0.0,0.0,0.0,0.0,0.0,0.0,[]
", qu '",fr,bert-base-multilingual-cased → spacy-fr-core-news-md,refinement_with_spacy,0.0044023990631103516,0,0.0,0.0,0.0,0.0,0.0,0.0,[]
", qu '",fr,bert-base-multilingual-cased → spacy-fr_dep_news_trf,refinement_with_spacy,0.1801314353942871,0,0.0,0.0,0.0,0.0,0.0,0.0,[]
il complète à partir de 1894 par une conférence sur les langues persa,fr,bert-base-multilingual-cased → spacy-fr-core-news-md,refinement_with_spacy,0.008064508438110352,0,0.0,0.0,0.0,0.0,0.0,0.0,[]
il complète à partir de 1894 par une conférence sur les langues persa,fr,bert-base-multilingual-cased → spacy-fr_dep_news_trf,refinement_with_spacy,0.0595095157623291,0,0.0,0.0,0.0,0.0,0.0,0.0,[]
##nes,fr,bert-base-multilingual-cased → spacy-fr-core-news-md,refinement_with_spacy,0.004149436950683594,2,1.0,1.0,1.0,0.5,2.5,0.0,"['##', 'nes']"
##nes,fr,bert-base-multilingual-cased → spacy-fr_dep_news_trf,refinement_with_spacy,0.034105539321899414,0,0.0,0.0,0.0,0.0,0.0,0.0,[]
.,fr,bert-base-multilingual-cased → spacy-fr-core-news-md,refinement_with_spacy,0.0041294097900390625,0,0.0,0.0,0.0,0.0,0.0,0.0,[]
.,fr,bert-base-multilingual-cased → spacy-fr_dep_news_trf,refinement_with_spacy,0.024724245071411133,0,0.0,0.0,0.0,0.0,0.0,0.0,[]
"En 1897, il soutient sa thèse pour le doctorat ès lettres ""(Recherches sur l'emploi du génitif-accusatif en vieux-slave)""",fr,wikineural-multilingual-ner,base,0.00909566879272461,0,0.0,0.0,0.0,0.0,0.0,1.0,[]
"En 1897, il soutient sa thèse pour le doctorat ès lettres ""(Recherches sur l'emploi du génitif-accusatif en vieux-slave)""",fr,bert-base-multilingual-cased,base,0.007781267166137695,7,4.378802695198571,4.285714285714286,1.0,0.0,18.714285714285715,1.0,"['En 1897, il soutient sa thèse pour le doctorat ès lettres "" ( Recherches sur l \' emploi du g', '##éni', '##tif', '-', 'accusatif', 'en', 'vieux - slave ) ""']"
"En 1897, il soutient sa thèse pour le doctorat ès lettres "" ( Recherches sur l ' emploi du g",fr,bert-base-multilingual-cased → spacy-fr-core-news-md,refinement_with_spacy,0.009422540664672852,1,1.0,1.0,1.0,0.0,10.0,0.0,['Recherches']
"En 1897, il soutient sa thèse pour le doctorat ès lettres "" ( Recherches sur l ' emploi du g",fr,bert-base-multilingual-cased → spacy-fr_dep_news_trf,refinement_with_spacy,0.09094953536987305,0,0.0,0.0,0.0,0.0,0.0,0.0,[]
##éni,fr,bert-base-multilingual-cased → spacy-fr-core-news-md,refinement_with_spacy,0.004050016403198242,0,0.0,0.0,0.0,0.0,0.0,0.0,[]
##éni,fr,bert-base-multilingual-cased → spacy-fr_dep_news_trf,refinement_with_spacy,0.02791619300842285,0,0.0,0.0,0.0,0.0,0.0,0.0,[]
##tif,fr,bert-base-multilingual-cased → spacy-fr-core-news-md,refinement_with_spacy,0.004764080047607422,0,0.0,0.0,0.0,0.0,0.0,0.0,[]
##tif,fr,bert-base-multilingual-cased → spacy-fr_dep_news_trf,refinement_with_spacy,0.027437448501586914,0,0.0,0.0,0.0,0.0,0.0,0.0,[]
-,fr,bert-base-multilingual-cased → spacy-fr-core-news-md,refinement_with_spacy,0.004557371139526367,0,0.0,0.0,0.0,0.0,0.0,0.0,[]
-,fr,bert-base-multilingual-cased → spacy-fr_dep_news_trf,refinement_with_spacy,0.021292448043823242,0,0.0,0.0,0.0,0.0,0.0,0.0,[]
accusatif,fr,bert-base-multilingual-cased → spacy-fr-core-news-md,refinement_with_spacy,0.00429987907409668,0,0.0,0.0,0.0,0.0,0.0,0.0,[]
accusatif,fr,bert-base-multilingual-cased → spacy-fr_dep_news_trf,refinement_with_spacy,0.026389122009277344,0,0.0,0.0,0.0,0.0,0.0,0.0,[]
en,fr,bert-base-multilingual-cased → spacy-fr-core-news-md,refinement_with_spacy,0.004025936126708984,0,0.0,0.0,0.0,0.0,0.0,0.0,[]
en,fr,bert-base-multilingual-cased → spacy-fr_dep_news_trf,refinement_with_spacy,0.021220684051513672,0,0.0,0.0,0.0,0.0,0.0,0.0,[]
"vieux - slave ) """,fr,bert-base-multilingual-cased → spacy-fr-core-news-md,refinement_with_spacy,0.005025386810302734,0,0.0,0.0,0.0,0.0,0.0,0.0,[]
"vieux - slave ) """,fr,bert-base-multilingual-cased → spacy-fr_dep_news_trf,refinement_with_spacy,0.0312807559967041,0,0.0,0.0,0.0,0.0,0.0,0.0,[]
"En 1905, il occupe la chaire de grammaire comparée au Collège de France, où il consacre ses cours à l'histoire et à la structure des langues indo-européennes",fr,wikineural-multilingual-ner,base,0.008997678756713867,1,1.7320508075688776,3.0,1.0,0.0,17.0,1.0,['Collège de France']
Collège de France,fr,wikineural-multilingual-ner → spacy-fr-core-news-md,refinement_with_spacy,0.0036597251892089844,1,1.7320508075688776,3.0,1.0,1.0000000000000002,17.0,1.0,['Collège de France']
Collège de France,fr,wikineural-multilingual-ner → spacy-fr_dep_news_trf,refinement_with_spacy,0.02606821060180664,0,0.0,0.0,0.0,0.0,0.0,0.0,[]
"En 1905, il occupe la chaire de grammaire comparée au Collège de France, où il consacre ses cours à l'histoire et à la structure des langues indo-européennes",fr,bert-base-multilingual-cased,base,0.008877277374267578,3,4.596194077712558,10.333333333333334,1.0,0.513302587556984,53.0,1.0,"[""En 1905, il occupe la chaire de grammaire comparée au Collège de France, où il consacre ses cours à l ' histoire"", 'et', 'à la structure des langues indo - européennes']"
"En 1905, il occupe la chaire de grammaire comparée au Collège de France, où il consacre ses cours à l ' histoire",fr,bert-base-multilingual-cased → spacy-fr-core-news-md,refinement_with_spacy,0.006832122802734375,1,1.7320508075688776,3.0,1.0,0.0,17.0,0.0,['Collège de France']
"En 1905, il occupe la chaire de grammaire comparée au Collège de France, où il consacre ses cours à l ' histoire",fr,bert-base-multilingual-cased → spacy-fr_dep_news_trf,refinement_with_spacy,0.07109642028808594,0,0.0,0.0,0.0,0.0,0.0,0.0,[]
et,fr,bert-base-multilingual-cased → spacy-fr-core-news-md,refinement_with_spacy,0.003954648971557617,0,0.0,0.0,0.0,0.0,0.0,0.0,[]
et,fr,bert-base-multilingual-cased → spacy-fr_dep_news_trf,refinement_with_spacy,0.021659135818481445,0,0.0,0.0,0.0,0.0,0.0,0.0,[]
à la structure des langues indo - européennes,fr,bert-base-multilingual-cased → spacy-fr-core-news-md,refinement_with_spacy,0.006082057952880859,0,0.0,0.0,0.0,0.0,0.0,0.0,[]
à la structure des langues indo - européennes,fr,bert-base-multilingual-cased → spacy-fr_dep_news_trf,refinement_with_spacy,0.03888583183288574,0,0.0,0.0,0.0,0.0,0.0,0.0,[]
Il succéda au linguiste Auguste Carrière à la tête de la chaire d'arménien à l'École des langues orientales.,fr,wikineural-multilingual-ner,base,0.008771896362304688,2,2.4494897427831783,3.0,1.0,0.0,22.0,1.0,"['Auguste Carrière', 'École des langues orientales']"
Auguste Carrière,fr,wikineural-multilingual-ner → spacy-fr-core-news-md,refinement_with_spacy,0.0037949085235595703,1,1.414213562373095,2.0,1.0,0.9999999999999998,16.0,0.5,['Auguste Carrière']
Auguste Carrière,fr,wikineural-multilingual-ner → spacy-fr_dep_news_trf,refinement_with_spacy,0.026663780212402344,0,0.0,0.0,0.0,0.0,0.0,0.0,[]
École des langues orientales,fr,wikineural-multilingual-ner → spacy-fr-core-news-md,refinement_with_spacy,0.004588127136230469,1,2.0,4.0,1.0,1.0,28.0,0.5,['École des langues orientales']
École des langues orientales,fr,wikineural-multilingual-ner → spacy-fr_dep_news_trf,refinement_with_spacy,0.0285491943359375,0,0.0,0.0,0.0,0.0,0.0,0.0,[]
Il succéda au linguiste Auguste Carrière à la tête de la chaire d'arménien à l'École des langues orientales.,fr,bert-base-multilingual-cased,base,0.008890390396118164,7,4.1461399144838555,3.5714285714285716,1.0,0.0,16.428571428571427,1.0,"['Il', 'su', '##ccéda au linguiste Auguste Carr', '##ière', ""à la tête de la chaire d ' armé"", '##nien', ""à l ' École des langues orientales.""]"
Il,fr,bert-base-multilingual-cased → spacy-fr-core-news-md,refinement_with_spacy,0.0035941600799560547,0,0.0,0.0,0.0,0.0,0.0,0.0,[]
Il,fr,bert-base-multilingual-cased → spacy-fr_dep_news_trf,refinement_with_spacy,0.02138662338256836,0,0.0,0.0,0.0,0.0,0.0,0.0,[]
su,fr,bert-base-multilingual-cased → spacy-fr-core-news-md,refinement_with_spacy,0.004179716110229492,0,0.0,0.0,0.0,0.0,0.0,0.0,[]
su,fr,bert-base-multilingual-cased → spacy-fr_dep_news_trf,refinement_with_spacy,0.0259859561920166,0,0.0,0.0,0.0,0.0,0.0,0.0,[]
##ccéda au linguiste Auguste Carr,fr,bert-base-multilingual-cased → spacy-fr-core-news-md,refinement_with_spacy,0.005111217498779297,0,0.0,0.0,0.0,0.0,0.0,0.0,[]
##ccéda au linguiste Auguste Carr,fr,bert-base-multilingual-cased → spacy-fr_dep_news_trf,refinement_with_spacy,0.05246543884277344,0,0.0,0.0,0.0,0.0,0.0,0.0,[]
##ière,fr,bert-base-multilingual-cased → spacy-fr-core-news-md,refinement_with_spacy,0.004363298416137695,0,0.0,0.0,0.0,0.0,0.0,0.0,[]
##ière,fr,bert-base-multilingual-cased → spacy-fr_dep_news_trf,refinement_with_spacy,0.027682781219482422,0,0.0,0.0,0.0,0.0,0.0,0.0,[]
à la tête de la chaire d ' armé,fr,bert-base-multilingual-cased → spacy-fr-core-news-md,refinement_with_spacy,0.005761384963989258,0,0.0,0.0,0.0,0.0,0.0,0.0,[]
à la tête de la chaire d ' armé,fr,bert-base-multilingual-cased → spacy-fr_dep_news_trf,refinement_with_spacy,0.0976252555847168,0,0.0,0.0,0.0,0.0,0.0,0.0,[]
##nien,fr,bert-base-multilingual-cased → spacy-fr-core-news-md,refinement_with_spacy,0.004653215408325195,0,0.0,0.0,0.0,0.0,0.0,0.0,[]
##nien,fr,bert-base-multilingual-cased → spacy-fr_dep_news_trf,refinement_with_spacy,0.027647972106933594,0,0.0,0.0,0.0,0.0,0.0,0.0,[]
à l ' École des langues orientales.,fr,bert-base-multilingual-cased → spacy-fr-core-news-md,refinement_with_spacy,0.0047991275787353516,1,2.0,4.0,1.0,1.0,28.0,0.0,['École des langues orientales']
à l ' École des langues orientales.,fr,bert-base-multilingual-cased → spacy-fr_dep_news_trf,refinement_with_spacy,0.048922061920166016,0,0.0,0.0,0.0,0.0,0.0,0.0,[]
"Secrétaire de la Société de linguistique de Paris, il est élu à l'Académie des inscriptions et belles-lettres en 1924",fr,wikineural-multilingual-ner,base,0.00908970832824707,2,3.0508510792387606,6.0,1.0,0.0,38.5,1.0,"['Société de linguistique de Paris', 'Académie des inscriptions et belles - lettres']"
Société de linguistique de Paris,fr,wikineural-multilingual-ner → spacy-fr-core-news-md,refinement_with_spacy,0.004733085632324219,1,1.0,1.0,1.0,0.0,5.0,0.0,['Paris']
Société de linguistique de Paris,fr,wikineural-multilingual-ner → spacy-fr_dep_news_trf,refinement_with_spacy,0.029490232467651367,0,0.0,0.0,0.0,0.0,0.0,0.0,[]
Académie des inscriptions et belles - lettres,fr,wikineural-multilingual-ner → spacy-fr-core-news-md,refinement_with_spacy,0.006052732467651367,1,2.23606797749979,5.0,1.0,0.0,35.0,0.0,['Académie des inscriptions et belles']
Académie des inscriptions et belles - lettres,fr,wikineural-multilingual-ner → spacy-fr_dep_news_trf,refinement_with_spacy,0.0394136905670166,0,0.0,0.0,0.0,0.0,0.0,0.0,[]
"Secrétaire de la Société de linguistique de Paris, il est élu à l'Académie des inscriptions et belles-lettres en 1924",fr,bert-base-multilingual-cased,base,0.008656501770019531,2,3.9223227027636813,12.0,1.0,0.0,61.5,1.0,"['Sec', ""##rétaire de la Société de linguistique de Paris, il est élu à l ' Académie des inscriptions et belles - lettres en 1924""]"
Sec,fr,bert-base-multilingual-cased → spacy-fr-core-news-md,refinement_with_spacy,0.0038013458251953125,1,1.0,1.0,1.0,1.0,3.0,0.5,['Sec']
Sec,fr,bert-base-multilingual-cased → spacy-fr_dep_news_trf,refinement_with_spacy,0.020374059677124023,0,0.0,0.0,0.0,0.0,0.0,0.0,[]
"##rétaire de la Société de linguistique de Paris, il est élu à l ' Académie des inscriptions et belles - lettres en 1924",fr,bert-base-multilingual-cased → spacy-fr-core-news-md,refinement_with_spacy,0.008832454681396484,3,3.0,3.0,1.0,0.0,21.0,0.0,"['Société de linguistique', 'Paris', 'Académie des inscriptions et belles']"
"##rétaire de la Société de linguistique de Paris, il est élu à l ' Académie des inscriptions et belles - lettres en 1924",fr,bert-base-multilingual-cased → spacy-fr_dep_news_trf,refinement_with_spacy,0.07487630844116211,0,0.0,0.0,0.0,0.0,0.0,0.0,[]
Il préside également l'Institut d'Études Slaves de 1921 à sa mort.,fr,wikineural-multilingual-ner,base,0.008356332778930664,1,1.7320508075688776,5.0,1.0,0.0,26.0,1.0,"[""Institut d ' Études Slaves""]"
Institut d ' Études Slaves,fr,wikineural-multilingual-ner → spacy-fr-core-news-md,refinement_with_spacy,0.00536036491394043,1,1.7320508075688776,5.0,1.0,1.0000000000000002,26.0,1.0,"[""Institut d ' Études Slaves""]"
Institut d ' Études Slaves,fr,wikineural-multilingual-ner → spacy-fr_dep_news_trf,refinement_with_spacy,0.040723562240600586,0,0.0,0.0,0.0,0.0,0.0,0.0,[]
Il préside également l'Institut d'Études Slaves de 1921 à sa mort.,fr,bert-base-multilingual-cased,base,0.00846409797668457,5,3.3166247903554003,3.2,1.0,0.0,13.8,1.0,"['Il', 'pré', ""##side également l ' Institut d ' Études Slaves de"", '1921', 'à sa mort.']"
Il,fr,bert-base-multilingual-cased → spacy-fr-core-news-md,refinement_with_spacy,0.0035295486450195312,0,0.0,0.0,0.0,0.0,0.0,0.0,[]
Il,fr,bert-base-multilingual-cased → spacy-fr_dep_news_trf,refinement_with_spacy,0.021552324295043945,0,0.0,0.0,0.0,0.0,0.0,0.0,[]
pré,fr,bert-base-multilingual-cased → spacy-fr-core-news-md,refinement_with_spacy,0.004133939743041992,0,0.0,0.0,0.0,0.0,0.0,0.0,[]
pré,fr,bert-base-multilingual-cased → spacy-fr_dep_news_trf,refinement_with_spacy,0.021301984786987305,0,0.0,0.0,0.0,0.0,0.0,0.0,[]
##side également l ' Institut d ' Études Slaves de,fr,bert-base-multilingual-cased → spacy-fr-core-news-md,refinement_with_spacy,0.006155490875244141,2,2.0,3.0,1.0,0.0,16.0,0.0,"['##side', ""Institut d ' Études Slaves""]"
##side également l ' Institut d ' Études Slaves de,fr,bert-base-multilingual-cased → spacy-fr_dep_news_trf,refinement_with_spacy,0.05571389198303223,0,0.0,0.0,0.0,0.0,0.0,0.0,[]
1921,fr,bert-base-multilingual-cased → spacy-fr-core-news-md,refinement_with_spacy,0.004094123840332031,0,0.0,0.0,0.0,0.0,0.0,0.0,[]
1921,fr,bert-base-multilingual-cased → spacy-fr_dep_news_trf,refinement_with_spacy,0.02167487144470215,0,0.0,0.0,0.0,0.0,0.0,0.0,[]
à sa mort.,fr,bert-base-multilingual-cased → spacy-fr-core-news-md,refinement_with_spacy,0.004321098327636719,0,0.0,0.0,0.0,0.0,0.0,0.0,[]
à sa mort.,fr,bert-base-multilingual-cased → spacy-fr_dep_news_trf,refinement_with_spacy,0.05428123474121094,0,0.0,0.0,0.0,0.0,0.0,0.0,[]
"Il a formé toute une génération de linguistes français, parmi lesquels Émile Benveniste, Marcel Cohen, Georges Dumézil, André Martinet, Aurélien Sauvageot, Lucien Tesnière, Joseph Vendryes, ainsi que le japonisant Charles Haguenauer",fr,wikineural-multilingual-ner,base,0.010157585144042969,9,4.123105625617661,1.8888888888888888,1.0,0.0,13.88888888888889,1.0,"['Émile Benveniste', 'Marcel Cohen', 'Georges Dumézil', 'André Martinet', 'Aur', '##élien Sauvageot', 'Lucien Tesnière', 'Joseph Vendryes', 'Charles Haguenauer']"
Émile Benveniste,fr,wikineural-multilingual-ner → spacy-fr-core-news-md,refinement_with_spacy,0.003924131393432617,1,1.414213562373095,2.0,1.0,0.9999999999999998,16.0,0.1111111111111111,['Émile Benveniste']
Émile Benveniste,fr,wikineural-multilingual-ner → spacy-fr_dep_news_trf,refinement_with_spacy,0.02748703956604004,0,0.0,0.0,0.0,0.0,0.0,0.0,[]
Marcel Cohen,fr,wikineural-multilingual-ner → spacy-fr-core-news-md,refinement_with_spacy,0.004327058792114258,1,1.414213562373095,2.0,1.0,0.9999999999999998,12.0,0.1111111111111111,['Marcel Cohen']
Marcel Cohen,fr,wikineural-multilingual-ner → spacy-fr_dep_news_trf,refinement_with_spacy,0.02115178108215332,0,0.0,0.0,0.0,0.0,0.0,0.0,[]
Georges Dumézil,fr,wikineural-multilingual-ner → spacy-fr-core-news-md,refinement_with_spacy,0.00433802604675293,1,1.414213562373095,2.0,1.0,0.9999999999999998,15.0,0.1111111111111111,['Georges Dumézil']
Georges Dumézil,fr,wikineural-multilingual-ner → spacy-fr_dep_news_trf,refinement_with_spacy,0.02691340446472168,0,0.0,0.0,0.0,0.0,0.0,0.0,[]
André Martinet,fr,wikineural-multilingual-ner → spacy-fr-core-news-md,refinement_with_spacy,0.004300832748413086,1,1.414213562373095,2.0,1.0,0.9999999999999998,14.0,0.1111111111111111,['André Martinet']
André Martinet,fr,wikineural-multilingual-ner → spacy-fr_dep_news_trf,refinement_with_spacy,0.02470254898071289,0,0.0,0.0,0.0,0.0,0.0,0.0,[]
Aur,fr,wikineural-multilingual-ner → spacy-fr-core-news-md,refinement_with_spacy,0.0049970149993896484,0,0.0,0.0,0.0,0.0,0.0,0.0,[]
Aur,fr,wikineural-multilingual-ner → spacy-fr_dep_news_trf,refinement_with_spacy,0.020433664321899414,0,0.0,0.0,0.0,0.0,0.0,0.0,[]
##élien Sauvageot,fr,wikineural-multilingual-ner → spacy-fr-core-news-md,refinement_with_spacy,0.004860639572143555,1,1.0,1.0,1.0,0.0,9.0,0.0,['Sauvageot']
##élien Sauvageot,fr,wikineural-multilingual-ner → spacy-fr_dep_news_trf,refinement_with_spacy,0.02982330322265625,0,0.0,0.0,0.0,0.0,0.0,0.0,[]
Lucien Tesnière,fr,wikineural-multilingual-ner → spacy-fr-core-news-md,refinement_with_spacy,0.0043218135833740234,1,1.414213562373095,2.0,1.0,0.9999999999999998,15.0,0.1111111111111111,['Lucien Tesnière']
Lucien Tesnière,fr,wikineural-multilingual-ner → spacy-fr_dep_news_trf,refinement_with_spacy,0.024569034576416016,0,0.0,0.0,0.0,0.0,0.0,0.0,[]
Joseph Vendryes,fr,wikineural-multilingual-ner → spacy-fr-core-news-md,refinement_with_spacy,0.0042858123779296875,1,1.414213562373095,2.0,1.0,0.9999999999999998,15.0,0.1111111111111111,['Joseph Vendryes']
Joseph Vendryes,fr,wikineural-multilingual-ner → spacy-fr_dep_news_trf,refinement_with_spacy,0.02594161033630371,0,0.0,0.0,0.0,0.0,0.0,0.0,[]
Charles Haguenauer,fr,wikineural-multilingual-ner → spacy-fr-core-news-md,refinement_with_spacy,0.0043451786041259766,1,1.414213562373095,2.0,1.0,0.9999999999999998,18.0,0.1111111111111111,['Charles Haguenauer']
Charles Haguenauer,fr,wikineural-multilingual-ner → spacy-fr_dep_news_trf,refinement_with_spacy,0.061919212341308594,0,0.0,0.0,0.0,0.0,0.0,0.0,[]
"Il a formé toute une génération de linguistes français, parmi lesquels Émile Benveniste, Marcel Cohen, Georges Dumézil, André Martinet, Aurélien Sauvageot, Lucien Tesnière, Joseph Vendryes, ainsi que le japonisant Charles Haguenauer",fr,bert-base-multilingual-cased,base,0.009818553924560547,11,6.000000000000001,3.4545454545454546,1.0,0.0,22.09090909090909,1.0,"['Il a formé toute une', 'génération de lingu', '##istes français, parmi lesquels Émile Benveniste, Marcel Cohen, Georges Dumézil, André Martinet, Aur', '##élie', '##n Sauvageot, Lucien', 'Te', '##snière, Joseph', 'Ve', '##ndryes, ainsi que le jap', '##onis', '##ant Charles Haguenauer']"
Il a formé toute une,fr,bert-base-multilingual-cased → spacy-fr-core-news-md,refinement_with_spacy,0.004700899124145508,0,0.0,0.0,0.0,0.0,0.0,0.0,[]
Il a formé toute une,fr,bert-base-multilingual-cased → spacy-fr_dep_news_trf,refinement_with_spacy,0.02770090103149414,0,0.0,0.0,0.0,0.0,0.0,0.0,[]
génération de lingu,fr,bert-base-multilingual-cased → spacy-fr-core-news-md,refinement_with_spacy,0.00528717041015625,0,0.0,0.0,0.0,0.0,0.0,0.0,[]
génération de lingu,fr,bert-base-multilingual-cased → spacy-fr_dep_news_trf,refinement_with_spacy,0.030678987503051758,0,0.0,0.0,0.0,0.0,0.0,0.0,[]
"##istes français, parmi lesquels Émile Benveniste, Marcel Cohen, Georges Dumézil, André Martinet, Aur",fr,bert-base-multilingual-cased → spacy-fr-core-news-md,refinement_with_spacy,0.006977081298828125,5,3.0,1.8,1.0,0.0,12.0,0.0,"['Émile Benveniste', 'Marcel Cohen', 'Georges Dumézil', 'André Martinet', 'Aur']"
"##istes français, parmi lesquels Émile Benveniste, Marcel Cohen, Georges Dumézil, André Martinet, Aur",fr,bert-base-multilingual-cased → spacy-fr_dep_news_trf,refinement_with_spacy,0.061383724212646484,0,0.0,0.0,0.0,0.0,0.0,0.0,[]
##élie,fr,bert-base-multilingual-cased → spacy-fr-core-news-md,refinement_with_spacy,0.00423741340637207,1,0.0,1.0,1.0,0.0,2.0,0.0,['##']
##élie,fr,bert-base-multilingual-cased → spacy-fr_dep_news_trf,refinement_with_spacy,0.026740312576293945,0,0.0,0.0,0.0,0.0,0.0,0.0,[]
"##n Sauvageot, Lucien",fr,bert-base-multilingual-cased → spacy-fr-core-news-md,refinement_with_spacy,0.004956960678100586,3,1.414213562373095,1.0,1.0,0.4714045207910316,5.666666666666667,0.0,"['##', 'Sauvageot', 'Lucien']"
"##n Sauvageot, Lucien",fr,bert-base-multilingual-cased → spacy-fr_dep_news_trf,refinement_with_spacy,0.03649616241455078,0,0.0,0.0,0.0,0.0,0.0,0.0,[]
Te,fr,bert-base-multilingual-cased → spacy-fr-core-news-md,refinement_with_spacy,0.004117250442504883,0,0.0,0.0,0.0,0.0,0.0,0.0,[]
Te,fr,bert-base-multilingual-cased → spacy-fr_dep_news_trf,refinement_with_spacy,0.02163219451904297,0,0.0,0.0,0.0,0.0,0.0,0.0,[]
"##snière, Joseph",fr,bert-base-multilingual-cased → spacy-fr-core-news-md,refinement_with_spacy,0.0051538944244384766,1,1.0,1.0,1.0,0.0,6.0,0.0,['Joseph']
"##snière, Joseph",fr,bert-base-multilingual-cased → spacy-fr_dep_news_trf,refinement_with_spacy,0.03515815734863281,0,0.0,0.0,0.0,0.0,0.0,0.0,[]
Ve,fr,bert-base-multilingual-cased → spacy-fr-core-news-md,refinement_with_spacy,0.003983974456787109,0,0.0,0.0,0.0,0.0,0.0,0.0,[]
Ve,fr,bert-base-multilingual-cased → spacy-fr_dep_news_trf,refinement_with_spacy,0.05091404914855957,0,0.0,0.0,0.0,0.0,0.0,0.0,[]
"##ndryes, ainsi que le jap",fr,bert-base-multilingual-cased → spacy-fr-core-news-md,refinement_with_spacy,0.005499362945556641,1,1.0,1.0,1.0,0.0,8.0,0.0,['##ndryes']
"##ndryes, ainsi que le jap",fr,bert-base-multilingual-cased → spacy-fr_dep_news_trf,refinement_with_spacy,0.4011378288269043,0,0.0,0.0,0.0,0.0,0.0,0.0,[]
##onis,fr,bert-base-multilingual-cased → spacy-fr-core-news-md,refinement_with_spacy,0.004942417144775391,0,0.0,0.0,0.0,0.0,0.0,0.0,[]
##onis,fr,bert-base-multilingual-cased → spacy-fr_dep_news_trf,refinement_with_spacy,0.1982557773590088,0,0.0,0.0,0.0,0.0,0.0,0.0,[]
##ant Charles Haguenauer,fr,bert-base-multilingual-cased → spacy-fr-core-news-md,refinement_with_spacy,0.005197286605834961,1,1.414213562373095,2.0,1.0,0.0,18.0,0.0,['Charles Haguenauer']
##ant Charles Haguenauer,fr,bert-base-multilingual-cased → spacy-fr_dep_news_trf,refinement_with_spacy,0.0773305892944336,0,0.0,0.0,0.0,0.0,0.0,0.0,[]
Antoine Meillet devait diriger la thèse de Jean Paulhan sur la sémantique du proverbe et c'est lui qui découvrit Gustave Guillaume.,fr,wikineural-multilingual-ner,base,0.009476184844970703,3,2.4494897427831783,2.0,1.0,0.0,14.666666666666666,1.0,"['Antoine Meillet', 'Jean Paulhan', 'Gustave Guillaume']"
Antoine Meillet,fr,wikineural-multilingual-ner → spacy-fr-core-news-md,refinement_with_spacy,0.0036716461181640625,1,1.414213562373095,2.0,1.0,0.9999999999999998,15.0,0.3333333333333333,['Antoine Meillet']
Antoine Meillet,fr,wikineural-multilingual-ner → spacy-fr_dep_news_trf,refinement_with_spacy,0.026846647262573242,0,0.0,0.0,0.0,0.0,0.0,0.0,[]
Jean Paulhan,fr,wikineural-multilingual-ner → spacy-fr-core-news-md,refinement_with_spacy,0.004317760467529297,1,1.414213562373095,2.0,1.0,0.9999999999999998,12.0,0.3333333333333333,['Jean Paulhan']
Jean Paulhan,fr,wikineural-multilingual-ner → spacy-fr_dep_news_trf,refinement_with_spacy,0.02629685401916504,0,0.0,0.0,0.0,0.0,0.0,0.0,[]
Gustave Guillaume,fr,wikineural-multilingual-ner → spacy-fr-core-news-md,refinement_with_spacy,0.00437164306640625,1,1.414213562373095,2.0,1.0,0.9999999999999998,17.0,0.3333333333333333,['Gustave Guillaume']
Gustave Guillaume,fr,wikineural-multilingual-ner → spacy-fr_dep_news_trf,refinement_with_spacy,0.019962310791015625,0,0.0,0.0,0.0,0.0,0.0,0.0,[]
Antoine Meillet devait diriger la thèse de Jean Paulhan sur la sémantique du proverbe et c'est lui qui découvrit Gustave Guillaume.,fr,bert-base-multilingual-cased,base,0.010117530822753906,15,4.4907311951024935,1.6666666666666667,1.0,0.0,8.333333333333334,1.0,"['Antoine Meillet', 'devait', 'dirige', '##r', 'la thèse', 'de', 'Jean Paulhan', 'sur', 'la sémantique du proverbe', 'et', 'c', ""'"", 'est lui', 'qui dé', '##couvrit Gustave Guillaume.']"
Antoine Meillet,fr,bert-base-multilingual-cased → spacy-fr-core-news-md,refinement_with_spacy,0.0035467147827148438,1,1.414213562373095,2.0,1.0,0.9999999999999998,15.0,0.06666666666666667,['Antoine Meillet']
Antoine Meillet,fr,bert-base-multilingual-cased → spacy-fr_dep_news_trf,refinement_with_spacy,0.025734901428222656,0,0.0,0.0,0.0,0.0,0.0,0.0,[]
devait,fr,bert-base-multilingual-cased → spacy-fr-core-news-md,refinement_with_spacy,0.0043222904205322266,0,0.0,0.0,0.0,0.0,0.0,0.0,[]
devait,fr,bert-base-multilingual-cased → spacy-fr_dep_news_trf,refinement_with_spacy,0.02166128158569336,0,0.0,0.0,0.0,0.0,0.0,0.0,[]
dirige,fr,bert-base-multilingual-cased → spacy-fr-core-news-md,refinement_with_spacy,0.0051686763763427734,0,0.0,0.0,0.0,0.0,0.0,0.0,[]
dirige,fr,bert-base-multilingual-cased → spacy-fr_dep_news_trf,refinement_with_spacy,0.021553993225097656,0,0.0,0.0,0.0,0.0,0.0,0.0,[]
##r,fr,bert-base-multilingual-cased → spacy-fr-core-news-md,refinement_with_spacy,0.00431060791015625,0,0.0,0.0,0.0,0.0,0.0,0.0,[]
##r,fr,bert-base-multilingual-cased → spacy-fr_dep_news_trf,refinement_with_spacy,0.02591252326965332,0,0.0,0.0,0.0,0.0,0.0,0.0,[]
la thèse,fr,bert-base-multilingual-cased → spacy-fr-core-news-md,refinement_with_spacy,0.004055976867675781,0,0.0,0.0,0.0,0.0,0.0,0.0,[]
la thèse,fr,bert-base-multilingual-cased → spacy-fr_dep_news_trf,refinement_with_spacy,0.01975560188293457,0,0.0,0.0,0.0,0.0,0.0,0.0,[]
de,fr,bert-base-multilingual-cased → spacy-fr-core-news-md,refinement_with_spacy,0.0040988922119140625,0,0.0,0.0,0.0,0.0,0.0,0.0,[]
de,fr,bert-base-multilingual-cased → spacy-fr_dep_news_trf,refinement_with_spacy,0.021144866943359375,0,0.0,0.0,0.0,0.0,0.0,0.0,[]
Jean Paulhan,fr,bert-base-multilingual-cased → spacy-fr-core-news-md,refinement_with_spacy,0.004079103469848633,1,1.414213562373095,2.0,1.0,0.9999999999999998,12.0,0.06666666666666667,['Jean Paulhan']
Jean Paulhan,fr,bert-base-multilingual-cased → spacy-fr_dep_news_trf,refinement_with_spacy,0.02596592903137207,0,0.0,0.0,0.0,0.0,0.0,0.0,[]
sur,fr,bert-base-multilingual-cased → spacy-fr-core-news-md,refinement_with_spacy,0.003937721252441406,0,0.0,0.0,0.0,0.0,0.0,0.0,[]
sur,fr,bert-base-multilingual-cased → spacy-fr_dep_news_trf,refinement_with_spacy,0.0213468074798584,0,0.0,0.0,0.0,0.0,0.0,0.0,[]
la sémantique du proverbe,fr,bert-base-multilingual-cased → spacy-fr-core-news-md,refinement_with_spacy,0.0045850276947021484,0,0.0,0.0,0.0,0.0,0.0,0.0,[]
la sémantique du proverbe,fr,bert-base-multilingual-cased → spacy-fr_dep_news_trf,refinement_with_spacy,0.02704620361328125,0,0.0,0.0,0.0,0.0,0.0,0.0,[]
et,fr,bert-base-multilingual-cased → spacy-fr-core-news-md,refinement_with_spacy,0.0039823055267333984,0,0.0,0.0,0.0,0.0,0.0,0.0,[]
et,fr,bert-base-multilingual-cased → spacy-fr_dep_news_trf,refinement_with_spacy,0.021112442016601562,0,0.0,0.0,0.0,0.0,0.0,0.0,[]
c,fr,bert-base-multilingual-cased → spacy-fr-core-news-md,refinement_with_spacy,0.0046002864837646484,0,0.0,0.0,0.0,0.0,0.0,0.0,[]
c,fr,bert-base-multilingual-cased → spacy-fr_dep_news_trf,refinement_with_spacy,0.021125078201293945,0,0.0,0.0,0.0,0.0,0.0,0.0,[]
',fr,bert-base-multilingual-cased → spacy-fr-core-news-md,refinement_with_spacy,0.0039899349212646484,0,0.0,0.0,0.0,0.0,0.0,0.0,[]
',fr,bert-base-multilingual-cased → spacy-fr_dep_news_trf,refinement_with_spacy,0.019629240036010742,0,0.0,0.0,0.0,0.0,0.0,0.0,[]
est lui,fr,bert-base-multilingual-cased → spacy-fr-core-news-md,refinement_with_spacy,0.004227638244628906,0,0.0,0.0,0.0,0.0,0.0,0.0,[]
est lui,fr,bert-base-multilingual-cased → spacy-fr_dep_news_trf,refinement_with_spacy,0.019604206085205078,0,0.0,0.0,0.0,0.0,0.0,0.0,[]
qui dé,fr,bert-base-multilingual-cased → spacy-fr-core-news-md,refinement_with_spacy,0.00434422492980957,0,0.0,0.0,0.0,0.0,0.0,0.0,[]
qui dé,fr,bert-base-multilingual-cased → spacy-fr_dep_news_trf,refinement_with_spacy,0.01999044418334961,0,0.0,0.0,0.0,0.0,0.0,0.0,[]
##couvrit Gustave Guillaume.,fr,bert-base-multilingual-cased → spacy-fr-core-news-md,refinement_with_spacy,0.005000114440917969,2,1.414213562373095,1.5,1.0,0.0,9.5,0.0,"['##', 'Gustave Guillaume']"
##couvrit Gustave Guillaume.,fr,bert-base-multilingual-cased → spacy-fr_dep_news_trf,refinement_with_spacy,0.037990570068359375,0,0.0,0.0,0.0,0.0,0.0,0.0,[]
Il a influencé aussi un certain nombre de linguistes étrangers,fr,wikineural-multilingual-ner,base,0.008436203002929688,0,0.0,0.0,0.0,0.0,0.0,1.0,[]
Il a influencé aussi un certain nombre de linguistes étrangers,fr,bert-base-multilingual-cased,base,0.007233619689941406,5,3.1622776601683795,2.2,1.0,0.0,12.2,1.0,"['Il a', 'influencé', 'aussi un certain nombre', 'de lingu', '##istes étrangers']"
Il a,fr,bert-base-multilingual-cased → spacy-fr-core-news-md,refinement_with_spacy,0.003646373748779297,0,0.0,0.0,0.0,0.0,0.0,0.0,[]
Il a,fr,bert-base-multilingual-cased → spacy-fr_dep_news_trf,refinement_with_spacy,0.020238161087036133,0,0.0,0.0,0.0,0.0,0.0,0.0,[]
influencé,fr,bert-base-multilingual-cased → spacy-fr-core-news-md,refinement_with_spacy,0.004400491714477539,0,0.0,0.0,0.0,0.0,0.0,0.0,[]
influencé,fr,bert-base-multilingual-cased → spacy-fr_dep_news_trf,refinement_with_spacy,0.021982908248901367,0,0.0,0.0,0.0,0.0,0.0,0.0,[]
aussi un certain nombre,fr,bert-base-multilingual-cased → spacy-fr-core-news-md,refinement_with_spacy,0.005382061004638672,0,0.0,0.0,0.0,0.0,0.0,0.0,[]
aussi un certain nombre,fr,bert-base-multilingual-cased → spacy-fr_dep_news_trf,refinement_with_spacy,0.028508901596069336,0,0.0,0.0,0.0,0.0,0.0,0.0,[]
de lingu,fr,bert-base-multilingual-cased → spacy-fr-core-news-md,refinement_with_spacy,0.004036903381347656,0,0.0,0.0,0.0,0.0,0.0,0.0,[]
de lingu,fr,bert-base-multilingual-cased → spacy-fr_dep_news_trf,refinement_with_spacy,0.02681255340576172,0,0.0,0.0,0.0,0.0,0.0,0.0,[]
##istes étrangers,fr,bert-base-multilingual-cased → spacy-fr-core-news-md,refinement_with_spacy,0.0046863555908203125,0,0.0,0.0,0.0,0.0,0.0,0.0,[]
##istes étrangers,fr,bert-base-multilingual-cased → spacy-fr_dep_news_trf,refinement_with_spacy,0.028403282165527344,0,0.0,0.0,0.0,0.0,0.0,0.0,[]
Il a également été le premier à identifier le phénomène de la grammaticalisation.,fr,wikineural-multilingual-ner,base,0.008656024932861328,2,1.414213562373095,1.0,1.0,0.0,10.0,1.0,"['gram', '##maticalisation']"
gram,fr,wikineural-multilingual-ner → spacy-fr-core-news-md,refinement_with_spacy,0.003764629364013672,0,0.0,0.0,0.0,0.0,0.0,0.0,[]
gram,fr,wikineural-multilingual-ner → spacy-fr_dep_news_trf,refinement_with_spacy,0.02020430564880371,0,0.0,0.0,0.0,0.0,0.0,0.0,[]
##maticalisation,fr,wikineural-multilingual-ner → spacy-fr-core-news-md,refinement_with_spacy,0.005414485931396484,0,0.0,0.0,0.0,0.0,0.0,0.0,[]
##maticalisation,fr,wikineural-multilingual-ner → spacy-fr_dep_news_trf,refinement_with_spacy,0.029094934463500977,0,0.0,0.0,0.0,0.0,0.0,0.0,[]
Il a également été le premier à identifier le phénomène de la grammaticalisation.,fr,bert-base-multilingual-cased,base,0.00855255126953125,1,3.0508510792387606,13.0,1.0,0.9999999999999998,81.0,1.0,['Il a également été le premier à identifier le phénomène de la grammaticalisation.']
Il a également été le premier à identifier le phénomène de la grammaticalisation.,fr,bert-base-multilingual-cased → spacy-fr-core-news-md,refinement_with_spacy,0.0059337615966796875,0,0.0,0.0,0.0,0.0,0.0,0.0,[]
Il a également été le premier à identifier le phénomène de la grammaticalisation.,fr,bert-base-multilingual-cased → spacy-fr_dep_news_trf,refinement_with_spacy,0.06733536720275879,0,0.0,0.0,0.0,0.0,0.0,0.0,[]
"Selon le linguiste allemand Walter Porzig, Meillet est un "" grand précurseur """,fr,wikineural-multilingual-ner,base,0.00869607925415039,2,1.7320508075688776,1.5,1.0,0.0,8.0,1.0,"['Walter Porzig', 'Mei']"
Walter Porzig,fr,wikineural-multilingual-ner → spacy-fr-core-news-md,refinement_with_spacy,0.004708290100097656,1,1.414213562373095,2.0,1.0,0.9999999999999998,13.0,0.5,['Walter Porzig']
Walter Porzig,fr,wikineural-multilingual-ner → spacy-fr_dep_news_trf,refinement_with_spacy,0.03047490119934082,0,0.0,0.0,0.0,0.0,0.0,0.0,[]
Mei,fr,wikineural-multilingual-ner → spacy-fr-core-news-md,refinement_with_spacy,0.0042417049407958984,1,1.0,1.0,1.0,1.0,3.0,0.5,['Mei']
Mei,fr,wikineural-multilingual-ner → spacy-fr_dep_news_trf,refinement_with_spacy,0.02011394500732422,0,0.0,0.0,0.0,0.0,0.0,0.0,[]
"Selon le linguiste allemand Walter Porzig, Meillet est un "" grand précurseur """,fr,bert-base-multilingual-cased,base,0.008860349655151367,8,3.741657386773941,2.0,1.0,0.0,10.0,1.0,"['Selon', 'le linguiste allemand Walter', 'Por', '##zig, Mei', '##llet', 'est un "" grand', 'pré', '##curseur ""']"
Selon,fr,bert-base-multilingual-cased → spacy-fr-core-news-md,refinement_with_spacy,0.0036678314208984375,0,0.0,0.0,0.0,0.0,0.0,0.0,[]
Selon,fr,bert-base-multilingual-cased → spacy-fr_dep_news_trf,refinement_with_spacy,0.026012897491455078,0,0.0,0.0,0.0,0.0,0.0,0.0,[]
le linguiste allemand Walter,fr,bert-base-multilingual-cased → spacy-fr-core-news-md,refinement_with_spacy,0.004414558410644531,1,1.0,1.0,1.0,0.0,6.0,0.0,['Walter']
le linguiste allemand Walter,fr,bert-base-multilingual-cased → spacy-fr_dep_news_trf,refinement_with_spacy,0.03711271286010742,0,0.0,0.0,0.0,0.0,0.0,0.0,[]
Por,fr,bert-base-multilingual-cased → spacy-fr-core-news-md,refinement_with_spacy,0.0041046142578125,0,0.0,0.0,0.0,0.0,0.0,0.0,[]
Por,fr,bert-base-multilingual-cased → spacy-fr_dep_news_trf,refinement_with_spacy,0.02170276641845703,0,0.0,0.0,0.0,0.0,0.0,0.0,[]
"##zig, Mei",fr,bert-base-multilingual-cased → spacy-fr-core-news-md,refinement_with_spacy,0.0049381256103515625,2,1.414213562373095,1.0,1.0,0.7071067811865475,4.0,0.0,"['##zig', 'Mei']"
"##zig, Mei",fr,bert-base-multilingual-cased → spacy-fr_dep_news_trf,refinement_with_spacy,0.03982734680175781,0,0.0,0.0,0.0,0.0,0.0,0.0,[]
##llet,fr,bert-base-multilingual-cased → spacy-fr-core-news-md,refinement_with_spacy,0.005106687545776367,0,0.0,0.0,0.0,0.0,0.0,0.0,[]
##llet,fr,bert-base-multilingual-cased → spacy-fr_dep_news_trf,refinement_with_spacy,0.027252912521362305,0,0.0,0.0,0.0,0.0,0.0,0.0,[]
"est un "" grand",fr,bert-base-multilingual-cased → spacy-fr-core-news-md,refinement_with_spacy,0.004297494888305664,0,0.0,0.0,0.0,0.0,0.0,0.0,[]
"est un "" grand",fr,bert-base-multilingual-cased → spacy-fr_dep_news_trf,refinement_with_spacy,0.026781320571899414,0,0.0,0.0,0.0,0.0,0.0,0.0,[]
pré,fr,bert-base-multilingual-cased → spacy-fr-core-news-md,refinement_with_spacy,0.0039255619049072266,0,0.0,0.0,0.0,0.0,0.0,0.0,[]
pré,fr,bert-base-multilingual-cased → spacy-fr_dep_news_trf,refinement_with_spacy,0.02141857147216797,0,0.0,0.0,0.0,0.0,0.0,0.0,[]
"##curseur """,fr,bert-base-multilingual-cased → spacy-fr-core-news-md,refinement_with_spacy,0.004619121551513672,0,0.0,0.0,0.0,0.0,0.0,0.0,[]
"##curseur """,fr,bert-base-multilingual-cased → spacy-fr_dep_news_trf,refinement_with_spacy,0.02689647674560547,0,0.0,0.0,0.0,0.0,0.0,0.0,[]
"Il montre, par exemple, que, dans les dialectes indo-européens, les groupes indo-européens sont le résultat historique d'une variation diatopique.",fr,wikineural-multilingual-ner,base,0.008880376815795898,0,0.0,0.0,0.0,0.0,0.0,1.0,[]
"Il montre, par exemple, que, dans les dialectes indo-européens, les groupes indo-européens sont le résultat historique d'une variation diatopique.",fr,bert-base-multilingual-cased,base,0.007925987243652344,13,4.157609203101498,2.230769230769231,0.8461538461538461,0.0,11.23076923076923,1.0,"['Il montre', ',', 'par exemple,', 'que', ',', 'dans', 'les dialectes', 'indo', '- européens', ',', 'les groupes indo - européens sont le résultat historique', ""d ' une variation dia"", '##topique.']"
Il montre,fr,bert-base-multilingual-cased → spacy-fr-core-news-md,refinement_with_spacy,0.003854036331176758,0,0.0,0.0,0.0,0.0,0.0,0.0,[]
Il montre,fr,bert-base-multilingual-cased → spacy-fr_dep_news_trf,refinement_with_spacy,0.019944190979003906,0,0.0,0.0,0.0,0.0,0.0,0.0,[]
",",fr,bert-base-multilingual-cased → spacy-fr-core-news-md,refinement_with_spacy,0.003926515579223633,0,0.0,0.0,0.0,0.0,0.0,0.0,[]
",",fr,bert-base-multilingual-cased → spacy-fr_dep_news_trf,refinement_with_spacy,0.020151615142822266,0,0.0,0.0,0.0,0.0,0.0,0.0,[]
"par exemple,",fr,bert-base-multilingual-cased → spacy-fr-core-news-md,refinement_with_spacy,0.004807233810424805,0,0.0,0.0,0.0,0.0,0.0,0.0,[]
"par exemple,",fr,bert-base-multilingual-cased → spacy-fr_dep_news_trf,refinement_with_spacy,0.027679920196533203,0,0.0,0.0,0.0,0.0,0.0,0.0,[]
que,fr,bert-base-multilingual-cased → spacy-fr-core-news-md,refinement_with_spacy,0.003973245620727539,0,0.0,0.0,0.0,0.0,0.0,0.0,[]
que,fr,bert-base-multilingual-cased → spacy-fr_dep_news_trf,refinement_with_spacy,0.021418333053588867,0,0.0,0.0,0.0,0.0,0.0,0.0,[]
",",fr,bert-base-multilingual-cased → spacy-fr-core-news-md,refinement_with_spacy,0.00391840934753418,0,0.0,0.0,0.0,0.0,0.0,0.0,[]
",",fr,bert-base-multilingual-cased → spacy-fr_dep_news_trf,refinement_with_spacy,0.019473552703857422,0,0.0,0.0,0.0,0.0,0.0,0.0,[]
dans,fr,bert-base-multilingual-cased → spacy-fr-core-news-md,refinement_with_spacy,0.004091024398803711,0,0.0,0.0,0.0,0.0,0.0,0.0,[]
dans,fr,bert-base-multilingual-cased → spacy-fr_dep_news_trf,refinement_with_spacy,0.021120548248291016,0,0.0,0.0,0.0,0.0,0.0,0.0,[]
les dialectes,fr,bert-base-multilingual-cased → spacy-fr-core-news-md,refinement_with_spacy,0.0048046112060546875,0,0.0,0.0,0.0,0.0,0.0,0.0,[]
les dialectes,fr,bert-base-multilingual-cased → spacy-fr_dep_news_trf,refinement_with_spacy,0.026684045791625977,0,0.0,0.0,0.0,0.0,0.0,0.0,[]
indo,fr,bert-base-multilingual-cased → spacy-fr-core-news-md,refinement_with_spacy,0.00394439697265625,0,0.0,0.0,0.0,0.0,0.0,0.0,[]
indo,fr,bert-base-multilingual-cased → spacy-fr_dep_news_trf,refinement_with_spacy,0.021025657653808594,0,0.0,0.0,0.0,0.0,0.0,0.0,[]
- européens,fr,bert-base-multilingual-cased → spacy-fr-core-news-md,refinement_with_spacy,0.004632234573364258,0,0.0,0.0,0.0,0.0,0.0,0.0,[]
- européens,fr,bert-base-multilingual-cased → spacy-fr_dep_news_trf,refinement_with_spacy,0.02068471908569336,0,0.0,0.0,0.0,0.0,0.0,0.0,[]
",",fr,bert-base-multilingual-cased → spacy-fr-core-news-md,refinement_with_spacy,0.0038776397705078125,0,0.0,0.0,0.0,0.0,0.0,0.0,[]
",",fr,bert-base-multilingual-cased → spacy-fr_dep_news_trf,refinement_with_spacy,0.01966238021850586,0,0.0,0.0,0.0,0.0,0.0,0.0,[]
les groupes indo - européens sont le résultat historique,fr,bert-base-multilingual-cased → spacy-fr-core-news-md,refinement_with_spacy,0.007461071014404297,1,1.414213562373095,2.0,1.0,0.0,12.0,0.0,['groupes indo']
les groupes indo - européens sont le résultat historique,fr,bert-base-multilingual-cased → spacy-fr_dep_news_trf,refinement_with_spacy,0.040499210357666016,0,0.0,0.0,0.0,0.0,0.0,0.0,[]
d ' une variation dia,fr,bert-base-multilingual-cased → spacy-fr-core-news-md,refinement_with_spacy,0.005164384841918945,0,0.0,0.0,0.0,0.0,0.0,0.0,[]
d ' une variation dia,fr,bert-base-multilingual-cased → spacy-fr_dep_news_trf,refinement_with_spacy,0.028218507766723633,0,0.0,0.0,0.0,0.0,0.0,0.0,[]
##topique.,fr,bert-base-multilingual-cased → spacy-fr-core-news-md,refinement_with_spacy,0.004248857498168945,0,0.0,0.0,0.0,0.0,0.0,0.0,[]
##topique.,fr,bert-base-multilingual-cased → spacy-fr_dep_news_trf,refinement_with_spacy,0.12538623809814453,0,0.0,0.0,0.0,0.0,0.0,0.0,[]
"Anarchism is a political philosophy that advocates self-governed societies based on voluntary, cooperative institutions and the rejection of hierarchies those societies view as unjust",en,wikineural-multilingual-ner,base,0.00900578498840332,3,1.7320508075688776,1.0,1.0,0.0,4.333333333333333,1.0,"['Ana', '##rch', '##ism']"
Ana,en,wikineural-multilingual-ner → spacy-en-core-web-sm,refinement_with_spacy,0.5317952632904053,0,0.0,0.0,0.0,0.0,0.0,0.0,[]
Ana,en,wikineural-multilingual-ner → spacy-en_core_web_trf,refinement_with_spacy,5.9136128425598145,1,1.0,1.0,1.0,1.0,3.0,0.3333333333333333,['Ana']
##rch,en,wikineural-multilingual-ner → spacy-en-core-web-sm,refinement_with_spacy,0.0053691864013671875,1,1.0,1.0,1.0,1.0,5.0,0.3333333333333333,['##rch']
##rch,en,wikineural-multilingual-ner → spacy-en_core_web_trf,refinement_with_spacy,0.3481321334838867,0,0.0,0.0,0.0,0.0,0.0,0.0,[]
##ism,en,wikineural-multilingual-ner → spacy-en-core-web-sm,refinement_with_spacy,0.004386425018310547,1,0.0,1.0,1.0,0.0,1.0,0.0,['#']
##ism,en,wikineural-multilingual-ner → spacy-en_core_web_trf,refinement_with_spacy,0.057332754135131836,0,0.0,0.0,0.0,0.0,0.0,0.0,[]
"Anarchism is a political philosophy that advocates self-governed societies based on voluntary, cooperative institutions and the rejection of hierarchies those societies view as unjust",en,bert-base-multilingual-cased,base,0.011626482009887695,7,4.81125224324688,3.857142857142857,1.0,0.0,26.0,1.0,"['Anarchism is a political philosophy that advocates self - governed societies based on voluntary, cooperative institutions', 'and', 'the', 'reject', '##ion', 'of', 'hierarchies those societies view as unjust']"
"Anarchism is a political philosophy that advocates self - governed societies based on voluntary, cooperative institutions",en,bert-base-multilingual-cased → spacy-en-core-web-sm,refinement_with_spacy,0.008277654647827148,0,0.0,0.0,0.0,0.0,0.0,0.0,[]
"Anarchism is a political philosophy that advocates self - governed societies based on voluntary, cooperative institutions",en,bert-base-multilingual-cased → spacy-en_core_web_trf,refinement_with_spacy,0.6441991329193115,0,0.0,0.0,0.0,0.0,0.0,0.0,[]
and,en,bert-base-multilingual-cased → spacy-en-core-web-sm,refinement_with_spacy,0.004136323928833008,0,0.0,0.0,0.0,0.0,0.0,0.0,[]
and,en,bert-base-multilingual-cased → spacy-en_core_web_trf,refinement_with_spacy,0.9944071769714355,0,0.0,0.0,0.0,0.0,0.0,0.0,[]
the,en,bert-base-multilingual-cased → spacy-en-core-web-sm,refinement_with_spacy,0.004410982131958008,0,0.0,0.0,0.0,0.0,0.0,0.0,[]
the,en,bert-base-multilingual-cased → spacy-en_core_web_trf,refinement_with_spacy,0.9872760772705078,0,0.0,0.0,0.0,0.0,0.0,0.0,[]
reject,en,bert-base-multilingual-cased → spacy-en-core-web-sm,refinement_with_spacy,0.006247758865356445,0,0.0,0.0,0.0,0.0,0.0,0.0,[]
reject,en,bert-base-multilingual-cased → spacy-en_core_web_trf,refinement_with_spacy,0.9856898784637451,0,0.0,0.0,0.0,0.0,0.0,0.0,[]
##ion,en,bert-base-multilingual-cased → spacy-en-core-web-sm,refinement_with_spacy,0.004481315612792969,1,0.0,1.0,1.0,0.0,1.0,0.0,['#']
##ion,en,bert-base-multilingual-cased → spacy-en_core_web_trf,refinement_with_spacy,0.9655790328979492,0,0.0,0.0,0.0,0.0,0.0,0.0,[]
of,en,bert-base-multilingual-cased → spacy-en-core-web-sm,refinement_with_spacy,0.004415035247802734,0,0.0,0.0,0.0,0.0,0.0,0.0,[]
of,en,bert-base-multilingual-cased → spacy-en_core_web_trf,refinement_with_spacy,0.9714150428771973,0,0.0,0.0,0.0,0.0,0.0,0.0,[]
hierarchies those societies view as unjust,en,bert-base-multilingual-cased → spacy-en-core-web-sm,refinement_with_spacy,0.006941556930541992,0,0.0,0.0,0.0,0.0,0.0,0.0,[]
hierarchies those societies view as unjust,en,bert-base-multilingual-cased → spacy-en_core_web_trf,refinement_with_spacy,1.0580885410308838,0,0.0,0.0,0.0,0.0,0.0,0.0,[]
"These institutions are often described as stateless societies, although several authors have defined them more specifically as institutions based on non-hierarchical or free associations",en,wikineural-multilingual-ner,base,0.010755300521850586,0,0.0,0.0,0.0,0.0,0.0,1.0,[]
"These institutions are often described as stateless societies, although several authors have defined them more specifically as institutions based on non-hierarchical or free associations",en,bert-base-multilingual-cased,base,0.00840139389038086,5,4.746928831711441,5.6,1.0,0.0,37.6,1.0,"['These institutions are often described as state', '##less', 'societies', ',', 'although several authors have defined them more specifically as institutions based on non - hierarchical or free associations']"
These institutions are often described as state,en,bert-base-multilingual-cased → spacy-en-core-web-sm,refinement_with_spacy,0.004962921142578125,0,0.0,0.0,0.0,0.0,0.0,0.0,[]
These institutions are often described as state,en,bert-base-multilingual-cased → spacy-en_core_web_trf,refinement_with_spacy,0.9680423736572266,0,0.0,0.0,0.0,0.0,0.0,0.0,[]
##less,en,bert-base-multilingual-cased → spacy-en-core-web-sm,refinement_with_spacy,0.004816532135009766,0,0.0,0.0,0.0,0.0,0.0,0.0,[]
##less,en,bert-base-multilingual-cased → spacy-en_core_web_trf,refinement_with_spacy,0.6709146499633789,0,0.0,0.0,0.0,0.0,0.0,0.0,[]
societies,en,bert-base-multilingual-cased → spacy-en-core-web-sm,refinement_with_spacy,0.00489044189453125,0,0.0,0.0,0.0,0.0,0.0,0.0,[]
societies,en,bert-base-multilingual-cased → spacy-en_core_web_trf,refinement_with_spacy,0.049788475036621094,0,0.0,0.0,0.0,0.0,0.0,0.0,[]
",",en,bert-base-multilingual-cased → spacy-en-core-web-sm,refinement_with_spacy,0.004040718078613281,0,0.0,0.0,0.0,0.0,0.0,0.0,[]
",",en,bert-base-multilingual-cased → spacy-en_core_web_trf,refinement_with_spacy,0.01932048797607422,0,0.0,0.0,0.0,0.0,0.0,0.0,[]
although several authors have defined them more specifically as institutions based on non - hierarchical or free associations,en,bert-base-multilingual-cased → spacy-en-core-web-sm,refinement_with_spacy,0.007955074310302734,0,0.0,0.0,0.0,0.0,0.0,0.0,[]
although several authors have defined them more specifically as institutions based on non - hierarchical or free associations,en,bert-base-multilingual-cased → spacy-en_core_web_trf,refinement_with_spacy,0.9259746074676514,0,0.0,0.0,0.0,0.0,0.0,0.0,[]
"Anarchism holds capitalism, the state, and representative democracy to be undesirable, unnecessary, and harmful.",en,wikineural-multilingual-ner,base,0.009068012237548828,3,1.7320508075688776,1.0,1.0,0.0,4.333333333333333,1.0,"['Ana', '##rch', '##ism']"
Ana,en,wikineural-multilingual-ner → spacy-en-core-web-sm,refinement_with_spacy,0.0038924217224121094,0,0.0,0.0,0.0,0.0,0.0,0.0,[]
Ana,en,wikineural-multilingual-ner → spacy-en_core_web_trf,refinement_with_spacy,0.9651305675506592,1,1.0,1.0,1.0,1.0,3.0,0.3333333333333333,['Ana']
##rch,en,wikineural-multilingual-ner → spacy-en-core-web-sm,refinement_with_spacy,0.004117012023925781,1,1.0,1.0,1.0,1.0,5.0,0.3333333333333333,['##rch']
##rch,en,wikineural-multilingual-ner → spacy-en_core_web_trf,refinement_with_spacy,0.9747498035430908,0,0.0,0.0,0.0,0.0,0.0,0.0,[]
##ism,en,wikineural-multilingual-ner → spacy-en-core-web-sm,refinement_with_spacy,0.004211902618408203,1,0.0,1.0,1.0,0.0,1.0,0.0,['#']
##ism,en,wikineural-multilingual-ner → spacy-en_core_web_trf,refinement_with_spacy,0.0904841423034668,0,0.0,0.0,0.0,0.0,0.0,0.0,[]
"Anarchism holds capitalism, the state, and representative democracy to be undesirable, unnecessary, and harmful.",en,bert-base-multilingual-cased,base,0.01070404052734375,3,3.7712361663282525,5.333333333333333,1.0,0.0,38.666666666666664,1.0,"['Anarchism holds capitalism, the state, and representative democracy to be undesirable, un', '##nec', '##essary, and harmful.']"
"Anarchism holds capitalism, the state, and representative democracy to be undesirable, un",en,bert-base-multilingual-cased → spacy-en-core-web-sm,refinement_with_spacy,0.006202220916748047,1,1.0,1.0,1.0,0.0,2.0,0.0,['un']
"Anarchism holds capitalism, the state, and representative democracy to be undesirable, un",en,bert-base-multilingual-cased → spacy-en_core_web_trf,refinement_with_spacy,0.08753180503845215,0,0.0,0.0,0.0,0.0,0.0,0.0,[]
##nec,en,bert-base-multilingual-cased → spacy-en-core-web-sm,refinement_with_spacy,0.00416254997253418,1,1.0,1.0,1.0,1.0,3.0,0.0,['nec']
##nec,en,bert-base-multilingual-cased → spacy-en_core_web_trf,refinement_with_spacy,0.030170679092407227,0,0.0,0.0,0.0,0.0,0.0,0.0,[]
"##essary, and harmful.",en,bert-base-multilingual-cased → spacy-en-core-web-sm,refinement_with_spacy,0.005087137222290039,1,0.0,1.0,1.0,0.0,1.0,0.0,['#']
"##essary, and harmful.",en,bert-base-multilingual-cased → spacy-en_core_web_trf,refinement_with_spacy,0.03932046890258789,0,0.0,0.0,0.0,0.0,0.0,0.0,[]
